Fragments Count,Elapsed Time (ticks)
1,6.59166
2,6.8428
3,6.47076
4,6.54573
5,6.59688
6,6.68325
7,6.80154
8,6.80354
9,12.3997
10,12.3707
11,12.3963
12,12.0541
13,12.1214
14,11.598
15,11.7693
16,11.3284
17,32.6573
18,31.8718
19,31.0873
20,32.7159
21,35.7071
22,36.2972
23,35.6912
24,35.131
25,35.1193
26,34.1171
27,33.8704
28,32.8514
29,32.3026
30,30.7065
31,30.5519
32,30.2271
